country,countryLabel,capital,capitalLabel,demonym
http://www.wikidata.org/entity/Q889,Afghanistan,http://www.wikidata.org/entity/Q5838,Kabul,Afghan
http://www.wikidata.org/entity/Q222,Albania,http://www.wikidata.org/entity/Q19689,Tirana,Albanian
http://www.wikidata.org/entity/Q262,Algeria,http://www.wikidata.org/entity/Q3561,Algiers,Algerian
http://www.wikidata.org/entity/Q228,Andorra,http://www.wikidata.org/entity/Q1863,Andorra la Vella,Andorran
http://www.wikidata.org/entity/Q916,Angola,http://www.wikidata.org/entity/Q3897,Luanda,Angolan
http://www.wikidata.org/entity/Q781,Antigua and Barbuda,http://www.wikidata.org/entity/Q36262,Saint John's,Antigua and Barbuda
http://www.wikidata.org/entity/Q781,Antigua and Barbuda,http://www.wikidata.org/entity/Q36262,Saint John's,Antiguan
http://www.wikidata.org/entity/Q781,Antigua and Barbuda,http://www.wikidata.org/entity/Q36262,Saint John's,Barbudan
http://www.wikidata.org/entity/Q414,Argentina,http://www.wikidata.org/entity/Q1486,Buenos Aires,Argentine
http://www.wikidata.org/entity/Q414,Argentina,http://www.wikidata.org/entity/Q1486,Buenos Aires,Argentinian
http://www.wikidata.org/entity/Q399,Armenia,http://www.wikidata.org/entity/Q1953,Yerevan,Armenian
http://www.wikidata.org/entity/Q408,Australia,http://www.wikidata.org/entity/Q3114,Canberra,Australian
http://www.wikidata.org/entity/Q408,Australia,http://www.wikidata.org/entity/Q3114,Canberra,Australians
http://www.wikidata.org/entity/Q40,Austria,http://www.wikidata.org/entity/Q1741,Vienna,Austrian
http://www.wikidata.org/entity/Q227,Azerbaijan,http://www.wikidata.org/entity/Q9248,Baku,Azeri
http://www.wikidata.org/entity/Q227,Azerbaijan,http://www.wikidata.org/entity/Q9248,Baku,Azerbaijani
http://www.wikidata.org/entity/Q398,Bahrain,http://www.wikidata.org/entity/Q3882,Manama,Bahraini
http://www.wikidata.org/entity/Q902,Bangladesh,http://www.wikidata.org/entity/Q1354,Dhaka,Bangladeshi
http://www.wikidata.org/entity/Q244,Barbados,http://www.wikidata.org/entity/Q36168,Bridgetown,Barbadian
http://www.wikidata.org/entity/Q184,Belarus,http://www.wikidata.org/entity/Q2280,Minsk,Belarusian
http://www.wikidata.org/entity/Q31,Belgium,http://www.wikidata.org/entity/Q239,City of Brussels,Belgian
http://www.wikidata.org/entity/Q242,Belize,http://www.wikidata.org/entity/Q3043,Belmopan,Belizean
http://www.wikidata.org/entity/Q962,Benin,http://www.wikidata.org/entity/Q3799,Porto-Novo,Beninese
http://www.wikidata.org/entity/Q917,Bhutan,http://www.wikidata.org/entity/Q9270,Thimphu,Bhutanese
http://www.wikidata.org/entity/Q750,Bolivia,http://www.wikidata.org/entity/Q1491,La Paz,Bolivian
http://www.wikidata.org/entity/Q750,Bolivia,http://www.wikidata.org/entity/Q2907,Sucre,Bolivian
http://www.wikidata.org/entity/Q225,Bosnia and Herzegovina,http://www.wikidata.org/entity/Q11194,Sarajevo,Bosnian
http://www.wikidata.org/entity/Q225,Bosnia and Herzegovina,http://www.wikidata.org/entity/Q11194,Sarajevo,Herzegovinian
http://www.wikidata.org/entity/Q963,Botswana,http://www.wikidata.org/entity/Q3919,Gaborone,Botswanan
http://www.wikidata.org/entity/Q963,Botswana,http://www.wikidata.org/entity/Q3919,Gaborone,Motswana
http://www.wikidata.org/entity/Q963,Botswana,http://www.wikidata.org/entity/Q3919,Gaborone,Batswana
http://www.wikidata.org/entity/Q155,Brazil,http://www.wikidata.org/entity/Q2844,Brasília,Brazilian
http://www.wikidata.org/entity/Q155,Brazil,http://www.wikidata.org/entity/Q2844,Brasília,Brazilians
http://www.wikidata.org/entity/Q921,Brunei,http://www.wikidata.org/entity/Q9279,Bandar Seri Begawan,Bruneian
http://www.wikidata.org/entity/Q219,Bulgaria,http://www.wikidata.org/entity/Q472,Sofia,Bulgarian
http://www.wikidata.org/entity/Q965,Burkina Faso,http://www.wikidata.org/entity/Q3777,Ouagadougou,Burkinabe
http://www.wikidata.org/entity/Q965,Burkina Faso,http://www.wikidata.org/entity/Q3777,Ouagadougou,Burkinabé
http://www.wikidata.org/entity/Q965,Burkina Faso,http://www.wikidata.org/entity/Q3777,Ouagadougou,Burkinabè
http://www.wikidata.org/entity/Q967,Burundi,http://www.wikidata.org/entity/Q167551,Gitega,Burundian
http://www.wikidata.org/entity/Q424,Cambodia,http://www.wikidata.org/entity/Q1850,Phnom Penh,Cambodian
http://www.wikidata.org/entity/Q1009,Cameroon,http://www.wikidata.org/entity/Q3808,Yaoundé,Cameroonian
http://www.wikidata.org/entity/Q16,Canada,http://www.wikidata.org/entity/Q1930,Ottawa,Canadian
http://www.wikidata.org/entity/Q1011,Cape Verde,http://www.wikidata.org/entity/Q3751,Praia,Cabo Verdean
http://www.wikidata.org/entity/Q1011,Cape Verde,http://www.wikidata.org/entity/Q3751,Praia,Cape Verdean
http://www.wikidata.org/entity/Q929,Central African Republic,http://www.wikidata.org/entity/Q3832,Bangui,Central African
http://www.wikidata.org/entity/Q657,Chad,http://www.wikidata.org/entity/Q3659,N'Djamena,Chadian
http://www.wikidata.org/entity/Q298,Chile,http://www.wikidata.org/entity/Q2887,Santiago,Chilean
http://www.wikidata.org/entity/Q739,Colombia,http://www.wikidata.org/entity/Q2841,Bogotá,Colombian
http://www.wikidata.org/entity/Q970,Comoros,http://www.wikidata.org/entity/Q3901,Moroni,Comorian
http://www.wikidata.org/entity/Q970,Comoros,http://www.wikidata.org/entity/Q3901,Moroni,Comoran
http://www.wikidata.org/entity/Q970,Comoros,http://www.wikidata.org/entity/Q3901,Moroni,Comorans
http://www.wikidata.org/entity/Q970,Comoros,http://www.wikidata.org/entity/Q3901,Moroni,Comorians
http://www.wikidata.org/entity/Q800,Costa Rica,http://www.wikidata.org/entity/Q3070,San José,Costa Rican
http://www.wikidata.org/entity/Q224,Croatia,http://www.wikidata.org/entity/Q1435,Zagreb,Croatian
http://www.wikidata.org/entity/Q241,Cuba,http://www.wikidata.org/entity/Q1563,Havana,Cuban
http://www.wikidata.org/entity/Q229,Cyprus,http://www.wikidata.org/entity/Q3856,Nicosia,Cypriot
http://www.wikidata.org/entity/Q213,Czech Republic,http://www.wikidata.org/entity/Q1085,Prague,Czech
http://www.wikidata.org/entity/Q756617,Danish Realm,http://www.wikidata.org/entity/Q1748,Copenhagen,dane
http://www.wikidata.org/entity/Q756617,Danish Realm,http://www.wikidata.org/entity/Q1748,Copenhagen,danes
http://www.wikidata.org/entity/Q974,Democratic Republic of the Congo,http://www.wikidata.org/entity/Q3838,Kinshasa,Congolese
http://www.wikidata.org/entity/Q35,Denmark,http://www.wikidata.org/entity/Q1748,Copenhagen,Dane
http://www.wikidata.org/entity/Q35,Denmark,http://www.wikidata.org/entity/Q1748,Copenhagen,Danish
http://www.wikidata.org/entity/Q977,Djibouti,http://www.wikidata.org/entity/Q3604,Djibouti,Djiboutian
http://www.wikidata.org/entity/Q784,Dominica,http://www.wikidata.org/entity/Q36281,Roseau,Dominican
http://www.wikidata.org/entity/Q786,Dominican Republic,http://www.wikidata.org/entity/Q34820,Santo Domingo,Dominican
http://www.wikidata.org/entity/Q574,East Timor,http://www.wikidata.org/entity/Q9310,Dili,East Timorese
http://www.wikidata.org/entity/Q736,Ecuador,http://www.wikidata.org/entity/Q2900,Quito,Ecuadorian
http://www.wikidata.org/entity/Q736,Ecuador,http://www.wikidata.org/entity/Q2900,Quito,Ecuadoran
http://www.wikidata.org/entity/Q79,Egypt,http://www.wikidata.org/entity/Q85,Cairo,Egyptian
http://www.wikidata.org/entity/Q792,El Salvador,http://www.wikidata.org/entity/Q3110,San Salvador,Salvadoran
http://www.wikidata.org/entity/Q983,Equatorial Guinea,http://www.wikidata.org/entity/Q3818,Malabo,Equatorial Guinean
http://www.wikidata.org/entity/Q983,Equatorial Guinea,http://www.wikidata.org/entity/Q3818,Malabo,Equatoguinean
http://www.wikidata.org/entity/Q986,Eritrea,http://www.wikidata.org/entity/Q3642,Asmara,Eritrean
http://www.wikidata.org/entity/Q191,Estonia,http://www.wikidata.org/entity/Q1770,Tallinn,Estonian
http://www.wikidata.org/entity/Q1050,Eswatini,http://www.wikidata.org/entity/Q3904,Mbabane,Swazi
http://www.wikidata.org/entity/Q1050,Eswatini,http://www.wikidata.org/entity/Q3904,Mbabane,emaSwati
http://www.wikidata.org/entity/Q1050,Eswatini,http://www.wikidata.org/entity/Q3904,Mbabane,liSwati
http://www.wikidata.org/entity/Q1050,Eswatini,http://www.wikidata.org/entity/Q3904,Mbabane,Swazis
http://www.wikidata.org/entity/Q1050,Eswatini,http://www.wikidata.org/entity/Q101418,Lobamba,Swazi
http://www.wikidata.org/entity/Q1050,Eswatini,http://www.wikidata.org/entity/Q101418,Lobamba,emaSwati
http://www.wikidata.org/entity/Q1050,Eswatini,http://www.wikidata.org/entity/Q101418,Lobamba,liSwati
http://www.wikidata.org/entity/Q1050,Eswatini,http://www.wikidata.org/entity/Q101418,Lobamba,Swazis
http://www.wikidata.org/entity/Q115,Ethiopia,http://www.wikidata.org/entity/Q3624,Addis Ababa,Ethiopian
http://www.wikidata.org/entity/Q702,Federated States of Micronesia,http://www.wikidata.org/entity/Q42751,Palikir,Micronesian
http://www.wikidata.org/entity/Q712,Fiji,http://www.wikidata.org/entity/Q38807,Suva,Fijian
http://www.wikidata.org/entity/Q33,Finland,http://www.wikidata.org/entity/Q1757,Helsinki,Finn
http://www.wikidata.org/entity/Q33,Finland,http://www.wikidata.org/entity/Q1757,Helsinki,Finnish
http://www.wikidata.org/entity/Q142,France,http://www.wikidata.org/entity/Q90,Paris,French
http://www.wikidata.org/entity/Q1000,Gabon,http://www.wikidata.org/entity/Q3825,Libreville,Gabonese
http://www.wikidata.org/entity/Q230,Georgia,http://www.wikidata.org/entity/Q994,Tbilisi,Georgian
http://www.wikidata.org/entity/Q183,Germany,http://www.wikidata.org/entity/Q64,Berlin,German
http://www.wikidata.org/entity/Q117,Ghana,http://www.wikidata.org/entity/Q3761,Accra,Ghanaian
http://www.wikidata.org/entity/Q41,Greece,http://www.wikidata.org/entity/Q1524,Athens,Greek
http://www.wikidata.org/entity/Q769,Grenada,http://www.wikidata.org/entity/Q41547,St. George's,Grenadian
http://www.wikidata.org/entity/Q774,Guatemala,http://www.wikidata.org/entity/Q1555,Guatemala City,Guatemalan
http://www.wikidata.org/entity/Q1006,Guinea,http://www.wikidata.org/entity/Q3733,Conakry,Guinean
http://www.wikidata.org/entity/Q1007,Guinea-Bissau,http://www.wikidata.org/entity/Q3739,Bissau,Bissau-Guinean
http://www.wikidata.org/entity/Q1007,Guinea-Bissau,http://www.wikidata.org/entity/Q3739,Bissau,Guinea-Bissauan
http://www.wikidata.org/entity/Q734,Guyana,http://www.wikidata.org/entity/Q10717,Georgetown,Guyanese
http://www.wikidata.org/entity/Q790,Haiti,http://www.wikidata.org/entity/Q34261,Port-au-Prince,Haitian
http://www.wikidata.org/entity/Q783,Honduras,http://www.wikidata.org/entity/Q3238,Tegucigalpa,Catracho
http://www.wikidata.org/entity/Q783,Honduras,http://www.wikidata.org/entity/Q3238,Tegucigalpa,Honduran
http://www.wikidata.org/entity/Q28,Hungary,http://www.wikidata.org/entity/Q1781,Budapest,Hungarian
http://www.wikidata.org/entity/Q189,Iceland,http://www.wikidata.org/entity/Q1764,Reykjavík,Icelandic
http://www.wikidata.org/entity/Q668,India,http://www.wikidata.org/entity/Q987,New Delhi,Indian
http://www.wikidata.org/entity/Q252,Indonesia,http://www.wikidata.org/entity/Q3630,Jakarta,Indonesian
http://www.wikidata.org/entity/Q794,Iran,http://www.wikidata.org/entity/Q3616,Tehran,Persian
http://www.wikidata.org/entity/Q794,Iran,http://www.wikidata.org/entity/Q3616,Tehran,Iranian
http://www.wikidata.org/entity/Q796,Iraq,http://www.wikidata.org/entity/Q1530,Baghdad,Iraqi
http://www.wikidata.org/entity/Q27,Ireland,http://www.wikidata.org/entity/Q1761,Dublin,Irish
http://www.wikidata.org/entity/Q801,Israel,http://www.wikidata.org/entity/Q1218,Jerusalem,Israeli
http://www.wikidata.org/entity/Q801,Israel,http://www.wikidata.org/entity/Q1218,Jerusalem,Israelis
http://www.wikidata.org/entity/Q38,Italy,http://www.wikidata.org/entity/Q220,Rome,Italian
http://www.wikidata.org/entity/Q1008,Ivory Coast,http://www.wikidata.org/entity/Q3768,Yamoussoukro,Ivorian
http://www.wikidata.org/entity/Q1008,Ivory Coast,http://www.wikidata.org/entity/Q3768,Yamoussoukro,Ivoirian
http://www.wikidata.org/entity/Q766,Jamaica,http://www.wikidata.org/entity/Q34692,Kingston,Jamaican
http://www.wikidata.org/entity/Q17,Japan,http://www.wikidata.org/entity/Q1490,Tokyo,Japanese
http://www.wikidata.org/entity/Q810,Jordan,http://www.wikidata.org/entity/Q3805,Amman,Jordanian
http://www.wikidata.org/entity/Q232,Kazakhstan,http://www.wikidata.org/entity/Q1520,Nur-Sultan,Kazakh
http://www.wikidata.org/entity/Q232,Kazakhstan,http://www.wikidata.org/entity/Q1520,Nur-Sultan,Kazakhstani
http://www.wikidata.org/entity/Q114,Kenya,http://www.wikidata.org/entity/Q3870,Nairobi,Kenyan
http://www.wikidata.org/entity/Q29999,Kingdom of the Netherlands,http://www.wikidata.org/entity/Q727,Amsterdam,Dutch
http://www.wikidata.org/entity/Q710,Kiribati,http://www.wikidata.org/entity/Q131233,South Tarawa,I-Kiribati
http://www.wikidata.org/entity/Q817,Kuwait,http://www.wikidata.org/entity/Q35178,Kuwait City,Kuwaiti
http://www.wikidata.org/entity/Q813,Kyrgyzstan,http://www.wikidata.org/entity/Q9361,Bishkek,Kyrgyz
http://www.wikidata.org/entity/Q813,Kyrgyzstan,http://www.wikidata.org/entity/Q9361,Bishkek,Kyrgyzstani
http://www.wikidata.org/entity/Q819,Laos,http://www.wikidata.org/entity/Q9326,Vientiane,Lao
http://www.wikidata.org/entity/Q819,Laos,http://www.wikidata.org/entity/Q9326,Vientiane,Laos
http://www.wikidata.org/entity/Q819,Laos,http://www.wikidata.org/entity/Q9326,Vientiane,Laotian
http://www.wikidata.org/entity/Q819,Laos,http://www.wikidata.org/entity/Q9326,Vientiane,Laotians
http://www.wikidata.org/entity/Q211,Latvia,http://www.wikidata.org/entity/Q1773,Riga,Latvian
http://www.wikidata.org/entity/Q211,Latvia,http://www.wikidata.org/entity/Q1773,Riga,Latvians
http://www.wikidata.org/entity/Q822,Lebanon,http://www.wikidata.org/entity/Q3820,Beirut,Lebanese
http://www.wikidata.org/entity/Q1013,Lesotho,http://www.wikidata.org/entity/Q3909,Maseru,Basotho
http://www.wikidata.org/entity/Q1013,Lesotho,http://www.wikidata.org/entity/Q3909,Maseru,Mosotho
http://www.wikidata.org/entity/Q1014,Liberia,http://www.wikidata.org/entity/Q3748,Monrovia,Liberian
http://www.wikidata.org/entity/Q1016,Libya,http://www.wikidata.org/entity/Q3579,Tripoli,Libyan
http://www.wikidata.org/entity/Q347,Liechtenstein,http://www.wikidata.org/entity/Q1844,Vaduz,Liechtensteiner
http://www.wikidata.org/entity/Q37,Lithuania,http://www.wikidata.org/entity/Q216,Vilnius,Lithuanian
http://www.wikidata.org/entity/Q32,Luxembourg,http://www.wikidata.org/entity/Q1842,Luxembourg,Luxembourgish
http://www.wikidata.org/entity/Q32,Luxembourg,http://www.wikidata.org/entity/Q1842,Luxembourg,Luxembourger
http://www.wikidata.org/entity/Q32,Luxembourg,http://www.wikidata.org/entity/Q1842,Luxembourg,Luxembourgian
http://www.wikidata.org/entity/Q1019,Madagascar,http://www.wikidata.org/entity/Q3915,Antananarivo,Malagasy
http://www.wikidata.org/entity/Q1020,Malawi,http://www.wikidata.org/entity/Q3876,Lilongwe,Malawian
http://www.wikidata.org/entity/Q833,Malaysia,http://www.wikidata.org/entity/Q1865,Kuala Lumpur,Malaysian
http://www.wikidata.org/entity/Q826,Maldives,http://www.wikidata.org/entity/Q9347,Malé,Maldivian
http://www.wikidata.org/entity/Q912,Mali,http://www.wikidata.org/entity/Q3703,Bamako,Malian
http://www.wikidata.org/entity/Q233,Malta,http://www.wikidata.org/entity/Q23800,Valletta,Maltese
http://www.wikidata.org/entity/Q709,Marshall Islands,http://www.wikidata.org/entity/Q12919,Majuro,Marshallese
http://www.wikidata.org/entity/Q1025,Mauritania,http://www.wikidata.org/entity/Q3688,Nouakchott,Mauritanian
http://www.wikidata.org/entity/Q1027,Mauritius,http://www.wikidata.org/entity/Q3929,Port Louis,Mauritian
http://www.wikidata.org/entity/Q96,Mexico,http://www.wikidata.org/entity/Q1489,Mexico City,Mexican
http://www.wikidata.org/entity/Q217,Moldova,http://www.wikidata.org/entity/Q21197,Chișinău,Moldavian
http://www.wikidata.org/entity/Q217,Moldova,http://www.wikidata.org/entity/Q21197,Chișinău,Moldovan
http://www.wikidata.org/entity/Q235,Monaco,http://www.wikidata.org/entity/Q55115,Monaco City,Monegasque
http://www.wikidata.org/entity/Q235,Monaco,http://www.wikidata.org/entity/Q55115,Monaco City,Monacan
http://www.wikidata.org/entity/Q235,Monaco,http://www.wikidata.org/entity/Q55115,Monaco City,Monégasque
http://www.wikidata.org/entity/Q711,Mongolia,http://www.wikidata.org/entity/Q23430,Ulaanbaatar,Mongolian
http://www.wikidata.org/entity/Q711,Mongolia,http://www.wikidata.org/entity/Q23430,Ulaanbaatar,Mongol
http://www.wikidata.org/entity/Q236,Montenegro,http://www.wikidata.org/entity/Q23564,Podgorica,Montenegrin
http://www.wikidata.org/entity/Q1028,Morocco,http://www.wikidata.org/entity/Q3551,Rabat,Moroccan
http://www.wikidata.org/entity/Q1029,Mozambique,http://www.wikidata.org/entity/Q3889,Maputo,Mozambican
http://www.wikidata.org/entity/Q836,Myanmar,http://www.wikidata.org/entity/Q37400,Naypyidaw,Burmese
http://www.wikidata.org/entity/Q836,Myanmar,http://www.wikidata.org/entity/Q37400,Naypyidaw,Myanma
http://www.wikidata.org/entity/Q1030,Namibia,http://www.wikidata.org/entity/Q3935,Windhoek,Namibian
http://www.wikidata.org/entity/Q697,Nauru,http://www.wikidata.org/entity/Q31026,Yaren District,Nauruan
http://www.wikidata.org/entity/Q837,Nepal,http://www.wikidata.org/entity/Q3037,Kathmandu,Nepali
http://www.wikidata.org/entity/Q837,Nepal,http://www.wikidata.org/entity/Q3037,Kathmandu,Nepalese
http://www.wikidata.org/entity/Q664,New Zealand,http://www.wikidata.org/entity/Q23661,Wellington,New Zealand
http://www.wikidata.org/entity/Q664,New Zealand,http://www.wikidata.org/entity/Q23661,Wellington,New Zealander
http://www.wikidata.org/entity/Q811,Nicaragua,http://www.wikidata.org/entity/Q3274,Managua,Nicaraguan
http://www.wikidata.org/entity/Q1032,Niger,http://www.wikidata.org/entity/Q3674,Niamey,Nigerien
http://www.wikidata.org/entity/Q1033,Nigeria,http://www.wikidata.org/entity/Q3787,Abuja,Nigerian
http://www.wikidata.org/entity/Q423,North Korea,http://www.wikidata.org/entity/Q18808,Pyongyang,North Korean
http://www.wikidata.org/entity/Q221,North Macedonia,http://www.wikidata.org/entity/Q384,Skopje,Macedonian
http://www.wikidata.org/entity/Q20,Norway,http://www.wikidata.org/entity/Q585,Oslo,Norwegian
http://www.wikidata.org/entity/Q842,Oman,http://www.wikidata.org/entity/Q3826,Muscat,Omani
http://www.wikidata.org/entity/Q843,Pakistan,http://www.wikidata.org/entity/Q1362,Islamabad,Pakistani
http://www.wikidata.org/entity/Q695,Palau,http://www.wikidata.org/entity/Q515229,Ngerulmud,Palauan
http://www.wikidata.org/entity/Q804,Panama,http://www.wikidata.org/entity/Q3306,Panama City,Panamanian
http://www.wikidata.org/entity/Q691,Papua New Guinea,http://www.wikidata.org/entity/Q36526,Port Moresby,Papua New Guinean
http://www.wikidata.org/entity/Q733,Paraguay,http://www.wikidata.org/entity/Q2933,Asunción,Paraguayan
http://www.wikidata.org/entity/Q148,People's Republic of China,http://www.wikidata.org/entity/Q956,Beijing,Chinese
http://www.wikidata.org/entity/Q419,Peru,http://www.wikidata.org/entity/Q2868,Lima,Peruvian
http://www.wikidata.org/entity/Q928,Philippines,http://www.wikidata.org/entity/Q1461,Manila,Filipino
http://www.wikidata.org/entity/Q928,Philippines,http://www.wikidata.org/entity/Q1461,Manila,Philippine
http://www.wikidata.org/entity/Q928,Philippines,http://www.wikidata.org/entity/Q1461,Manila,Filipina
http://www.wikidata.org/entity/Q36,Poland,http://www.wikidata.org/entity/Q270,Warsaw,Polish
http://www.wikidata.org/entity/Q45,Portugal,http://www.wikidata.org/entity/Q597,Lisbon,Portuguese
http://www.wikidata.org/entity/Q846,Qatar,http://www.wikidata.org/entity/Q3861,Doha,Qatari
http://www.wikidata.org/entity/Q971,Republic of the Congo,http://www.wikidata.org/entity/Q3844,Brazzaville,Congolese
http://www.wikidata.org/entity/Q218,Romania,http://www.wikidata.org/entity/Q19660,Bucharest,Romanian
http://www.wikidata.org/entity/Q159,Russia,http://www.wikidata.org/entity/Q649,Moscow,Russian
http://www.wikidata.org/entity/Q1037,Rwanda,http://www.wikidata.org/entity/Q3859,Kigali,Rwandan
http://www.wikidata.org/entity/Q1037,Rwanda,http://www.wikidata.org/entity/Q3859,Kigali,Rwandese
http://www.wikidata.org/entity/Q763,Saint Kitts and Nevis,http://www.wikidata.org/entity/Q41295,Basseterre,Kittitian
http://www.wikidata.org/entity/Q763,Saint Kitts and Nevis,http://www.wikidata.org/entity/Q41295,Basseterre,Nevisian
http://www.wikidata.org/entity/Q760,Saint Lucia,http://www.wikidata.org/entity/Q41699,Castries,Saint Lucian
http://www.wikidata.org/entity/Q757,Saint Vincent and the Grenadines,http://www.wikidata.org/entity/Q41474,Kingstown,Vincy
http://www.wikidata.org/entity/Q757,Saint Vincent and the Grenadines,http://www.wikidata.org/entity/Q41474,Kingstown,Vincentian
http://www.wikidata.org/entity/Q757,Saint Vincent and the Grenadines,http://www.wikidata.org/entity/Q41474,Kingstown,Saint Vincentians
http://www.wikidata.org/entity/Q757,Saint Vincent and the Grenadines,http://www.wikidata.org/entity/Q41474,Kingstown,Vincentians
http://www.wikidata.org/entity/Q757,Saint Vincent and the Grenadines,http://www.wikidata.org/entity/Q41474,Kingstown,Saint Vincentian
http://www.wikidata.org/entity/Q683,Samoa,http://www.wikidata.org/entity/Q36260,Apia,Samoan
http://www.wikidata.org/entity/Q238,San Marino,http://www.wikidata.org/entity/Q1848,San Marino,Sammarinese
http://www.wikidata.org/entity/Q851,Saudi Arabia,http://www.wikidata.org/entity/Q3692,Riyadh,Saudi Arabian
http://www.wikidata.org/entity/Q851,Saudi Arabia,http://www.wikidata.org/entity/Q3692,Riyadh,Saudi
http://www.wikidata.org/entity/Q1041,Senegal,http://www.wikidata.org/entity/Q3718,Dakar,Senegalese
http://www.wikidata.org/entity/Q403,Serbia,http://www.wikidata.org/entity/Q3711,Belgrade,Serbian
http://www.wikidata.org/entity/Q1042,Seychelles,http://www.wikidata.org/entity/Q3940,Victoria,Seychellois
http://www.wikidata.org/entity/Q1042,Seychelles,http://www.wikidata.org/entity/Q3940,Victoria,Seychelloise
http://www.wikidata.org/entity/Q1044,Sierra Leone,http://www.wikidata.org/entity/Q3780,Freetown,Sierra Leonean
http://www.wikidata.org/entity/Q334,Singapore,http://www.wikidata.org/entity/Q334,Singapore,Singaporean
http://www.wikidata.org/entity/Q214,Slovakia,http://www.wikidata.org/entity/Q1780,Bratislava,Slovak
http://www.wikidata.org/entity/Q215,Slovenia,http://www.wikidata.org/entity/Q437,Ljubljana,Slovenian
http://www.wikidata.org/entity/Q215,Slovenia,http://www.wikidata.org/entity/Q437,Ljubljana,Slovene
http://www.wikidata.org/entity/Q685,Solomon Islands,http://www.wikidata.org/entity/Q40921,Honiara,Solomon Islands
http://www.wikidata.org/entity/Q685,Solomon Islands,http://www.wikidata.org/entity/Q40921,Honiara,Solomon Islander
http://www.wikidata.org/entity/Q1045,Somalia,http://www.wikidata.org/entity/Q2449,Mogadishu,Somali
http://www.wikidata.org/entity/Q1045,Somalia,http://www.wikidata.org/entity/Q2449,Mogadishu,Somalian
http://www.wikidata.org/entity/Q258,South Africa,http://www.wikidata.org/entity/Q3926,Pretoria,South African
http://www.wikidata.org/entity/Q258,South Africa,http://www.wikidata.org/entity/Q5465,Cape Town,South African
http://www.wikidata.org/entity/Q258,South Africa,http://www.wikidata.org/entity/Q37701,Bloemfontein,South African
http://www.wikidata.org/entity/Q884,South Korea,http://www.wikidata.org/entity/Q8684,Seoul,South Korean
http://www.wikidata.org/entity/Q958,South Sudan,http://www.wikidata.org/entity/Q1947,Juba,South Sudanese
http://www.wikidata.org/entity/Q29,Spain,http://www.wikidata.org/entity/Q2807,Madrid,Spanish
http://www.wikidata.org/entity/Q854,Sri Lanka,http://www.wikidata.org/entity/Q35381,Colombo,Sri Lankan
http://www.wikidata.org/entity/Q854,Sri Lanka,http://www.wikidata.org/entity/Q41963,Sri Jayawardenepura Kotte,Sri Lankan
http://www.wikidata.org/entity/Q1049,Sudan,http://www.wikidata.org/entity/Q1963,Khartoum,Sudanese
http://www.wikidata.org/entity/Q730,Suriname,http://www.wikidata.org/entity/Q3001,Paramaribo,Surinamese
http://www.wikidata.org/entity/Q34,Sweden,http://www.wikidata.org/entity/Q1754,Stockholm,Swedish
http://www.wikidata.org/entity/Q39,Switzerland,http://www.wikidata.org/entity/Q70,Bern,Swiss
http://www.wikidata.org/entity/Q858,Syria,http://www.wikidata.org/entity/Q3766,Damascus,Syrian
http://www.wikidata.org/entity/Q1039,São Tomé and Príncipe,http://www.wikidata.org/entity/Q3932,São Tomé,Santomean
http://www.wikidata.org/entity/Q1039,São Tomé and Príncipe,http://www.wikidata.org/entity/Q3932,São Tomé,São Toméan
http://www.wikidata.org/entity/Q865,Taiwan,http://www.wikidata.org/entity/Q1867,Taipei,Taiwan
http://www.wikidata.org/entity/Q865,Taiwan,http://www.wikidata.org/entity/Q1867,Taipei,Taiwanese
http://www.wikidata.org/entity/Q863,Tajikistan,http://www.wikidata.org/entity/Q9365,Dushanbe,Tajikistani
http://www.wikidata.org/entity/Q924,Tanzania,http://www.wikidata.org/entity/Q3866,Dodoma,Tanzanian
http://www.wikidata.org/entity/Q869,Thailand,http://www.wikidata.org/entity/Q1861,Bangkok,Thai
http://www.wikidata.org/entity/Q778,The Bahamas,http://www.wikidata.org/entity/Q2467,Nassau,Bahamian
http://www.wikidata.org/entity/Q1005,The Gambia,http://www.wikidata.org/entity/Q3726,Banjul,Gambian
http://www.wikidata.org/entity/Q945,Togo,http://www.wikidata.org/entity/Q3792,Lomé,Togolese
http://www.wikidata.org/entity/Q678,Tonga,http://www.wikidata.org/entity/Q38834,Nuku'alofa,Tongan
http://www.wikidata.org/entity/Q754,Trinidad and Tobago,http://www.wikidata.org/entity/Q39178,Port of Spain,Trinidadian
http://www.wikidata.org/entity/Q948,Tunisia,http://www.wikidata.org/entity/Q3572,Tunis,Tunisian
http://www.wikidata.org/entity/Q43,Turkey,http://www.wikidata.org/entity/Q3640,Ankara,Turkish
http://www.wikidata.org/entity/Q874,Turkmenistan,http://www.wikidata.org/entity/Q23438,Ashgabat,Turkmen
http://www.wikidata.org/entity/Q672,Tuvalu,http://www.wikidata.org/entity/Q34126,Funafuti,Tuvaluan
http://www.wikidata.org/entity/Q1036,Uganda,http://www.wikidata.org/entity/Q3894,Kampala,Ugandan
http://www.wikidata.org/entity/Q878,United Arab Emirates,http://www.wikidata.org/entity/Q1519,Abu Dhabi,Emirati
http://www.wikidata.org/entity/Q878,United Arab Emirates,http://www.wikidata.org/entity/Q1519,Abu Dhabi,Emiri
http://www.wikidata.org/entity/Q878,United Arab Emirates,http://www.wikidata.org/entity/Q1519,Abu Dhabi,Emirian
http://www.wikidata.org/entity/Q145,United Kingdom,http://www.wikidata.org/entity/Q84,London,Briton
http://www.wikidata.org/entity/Q145,United Kingdom,http://www.wikidata.org/entity/Q84,London,British
http://www.wikidata.org/entity/Q30,United States of America,http://www.wikidata.org/entity/Q61,"Washington, D.C.",American
http://www.wikidata.org/entity/Q77,Uruguay,http://www.wikidata.org/entity/Q1335,Montevideo,Uruguayan
http://www.wikidata.org/entity/Q265,Uzbekistan,http://www.wikidata.org/entity/Q269,Tashkent,Uzbekistani
http://www.wikidata.org/entity/Q265,Uzbekistan,http://www.wikidata.org/entity/Q269,Tashkent,Uzbek
http://www.wikidata.org/entity/Q686,Vanuatu,http://www.wikidata.org/entity/Q37806,Port Vila,Ni-Vanuatu
http://www.wikidata.org/entity/Q686,Vanuatu,http://www.wikidata.org/entity/Q37806,Port Vila,Vanuatuan
http://www.wikidata.org/entity/Q237,Vatican City,,,Vatican
http://www.wikidata.org/entity/Q717,Venezuela,http://www.wikidata.org/entity/Q1533,Caracas,Venezuelan
http://www.wikidata.org/entity/Q717,Venezuela,http://www.wikidata.org/entity/Q1533,Caracas,Venezuelans
http://www.wikidata.org/entity/Q881,Vietnam,http://www.wikidata.org/entity/Q1858,Hanoi,Vietnamese
http://www.wikidata.org/entity/Q805,Yemen,http://www.wikidata.org/entity/Q2471,Sanaa,Yemeni
http://www.wikidata.org/entity/Q805,Yemen,http://www.wikidata.org/entity/Q131694,Aden,Yemeni
http://www.wikidata.org/entity/Q953,Zambia,http://www.wikidata.org/entity/Q3881,Lusaka,Zambian
http://www.wikidata.org/entity/Q953,Zambia,http://www.wikidata.org/entity/Q3881,Lusaka,Zambians
http://www.wikidata.org/entity/Q954,Zimbabwe,http://www.wikidata.org/entity/Q3921,Harare,Zimbabwean
http://www.wikidata.org/entity/Q954,Zimbabwe,http://www.wikidata.org/entity/Q3921,Harare,Zimbabweans
